env,algorithm,episode,return,length
Reacher-v4,sac,0,-4.08285473123314,50
Reacher-v4,sac,1,-3.2922271727846595,50
Reacher-v4,sac,2,-6.343178448663124,50
Reacher-v4,sac,3,-3.0574775748721286,50
Reacher-v4,sac,4,-3.895105995006048,50
Reacher-v4,sac,5,-8.226524219703013,50
Reacher-v4,sac,6,-2.79536649459459,50
Reacher-v4,sac,7,-3.9539949398674215,50
Reacher-v4,sac,8,-4.575670457540435,50
Reacher-v4,sac,9,-2.3254998278077745,50
