env,algorithm,episode,return,length
Reacher-v4,ppo,0,-5.207787631503107,50
Reacher-v4,ppo,1,-3.5974097131709346,50
Reacher-v4,ppo,2,-10.754262618968514,50
Reacher-v4,ppo,3,-4.325994854380859,50
Reacher-v4,ppo,4,-4.52295044665528,50
Reacher-v4,ppo,5,-9.111993408342066,50
Reacher-v4,ppo,6,-4.002745990923835,50
Reacher-v4,ppo,7,-3.95969958938116,50
Reacher-v4,ppo,8,-4.877496715684075,50
Reacher-v4,ppo,9,-3.904465400958841,50
